Thời gian,Bức xạ (W/m2),Nhiệt độ môi trường (°C),Nhiệt độ tấm pin (°C),Tốc độ gió (m/s)
2026-08-27 00:00:00,0.0,24.0,24.0,3.7
2026-08-27 00:01:00,0.0,24.1,24.1,1.7
2026-08-27 00:02:00,0.0,24.4,24.4,2.4
2026-08-27 00:03:00,0.0,23.7,23.7,2.6
2026-08-27 00:04:00,0.0,24.3,24.3,2.7
2026-08-27 00:05:00,0.0,24.1,24.1,1.4
2026-08-27 00:06:00,0.0,24.4,24.4,2.5
2026-08-27 00:07:00,0.0,23.6,23.6,1.8
2026-08-27 00:08:00,0.0,24.0,24.0,2.1
2026-08-27 00:09:00,0.0,23.8,23.8,3.0
2026-08-27 00:10:00,0.0,23.8,23.8,1.8
2026-08-27 00:11:00,0.0,24.0,24.0,2.1
2026-08-27 00:12:00,0.0,24.0,24.0,1.4
2026-08-27 00:13:00,0.0,24.6,24.6,2.7
2026-08-27 00:14:00,0.0,24.1,24.1,1.5
2026-08-27 00:15:00,0.0,23.9,23.9,1.8
2026-08-27 00:16:00,0.0,24.1,24.1,2.1
2026-08-27 00:17:00,0.0,24.3,24.3,2.0
2026-08-27 00:18:00,0.0,23.8,23.8,1.5
2026-08-27 00:19:00,0.0,24.0,24.0,2.6
2026-08-27 00:20:00,0.0,24.0,24.0,1.7
2026-08-27 00:21:00,0.0,24.2,24.2,1.0
2026-08-27 00:22:00,0.0,23.9,23.9,3.0
2026-08-27 00:23:00,0.0,23.7,23.7,1.1
2026-08-27 00:24:00,0.0,24.1,24.1,3.6
2026-08-27 00:25:00,0.0,23.8,23.8,1.9
2026-08-27 00:26:00,0.0,24.0,24.0,2.4
2026-08-27 00:27:00,0.0,23.9,23.9,1.3
2026-08-27 00:28:00,0.0,23.9,23.9,3.1
2026-08-27 00:29:00,0.0,24.0,24.0,1.8
2026-08-27 00:30:00,0.0,24.0,24.0,2.2
2026-08-27 00:31:00,0.0,24.0,24.0,1.6
2026-08-27 00:32:00,0.0,23.9,23.9,2.5
2026-08-27 00:33:00,0.0,24.2,24.2,1.7
2026-08-27 00:34:00,0.0,23.8,23.8,1.4
2026-08-27 00:35:00,0.0,23.9,23.9,1.4
2026-08-27 00:36:00,0.0,24.2,24.2,1.6
2026-08-27 00:37:00,0.0,23.9,23.9,1.2
2026-08-27 00:38:00,0.0,24.0,24.0,1.7
2026-08-27 00:39:00,0.0,23.7,23.7,1.8
2026-08-27 00:40:00,0.0,24.4,24.4,1.3
2026-08-27 00:41:00,0.0,24.1,24.1,2.3
2026-08-27 00:42:00,0.0,24.1,24.1,1.8
2026-08-27 00:43:00,0.0,24.2,24.2,2.1
2026-08-27 00:44:00,0.0,24.0,24.0,1.8
2026-08-27 00:45:00,0.0,24.3,24.3,2.2
2026-08-27 00:46:00,0.0,24.1,24.1,1.8
2026-08-27 00:47:00,0.0,24.4,24.4,1.5
2026-08-27 00:48:00,0.0,23.5,23.5,2.4
2026-08-27 00:49:00,0.0,23.7,23.7,2.4
2026-08-27 00:50:00,0.0,24.5,24.5,2.3
2026-08-27 00:51:00,0.0,24.2,24.2,2.7
2026-08-27 00:52:00,0.0,23.8,23.8,2.1
2026-08-27 00:53:00,0.0,23.8,23.8,1.8
2026-08-27 00:54:00,0.0,24.2,24.2,2.4
2026-08-27 00:55:00,0.0,24.0,24.0,1.5
2026-08-27 00:56:00,0.0,24.0,24.0,2.2
2026-08-27 00:57:00,0.0,24.1,24.1,1.9
2026-08-27 00:58:00,0.0,24.3,24.3,2.4
2026-08-27 00:59:00,0.0,24.0,24.0,1.9
2026-08-27 01:00:00,0.0,23.9,23.9,1.6
2026-08-27 01:01:00,0.0,24.1,24.1,2.2
2026-08-27 01:02:00,0.0,24.3,24.3,2.3
2026-08-27 01:03:00,0.0,23.8,23.8,2.0
2026-08-27 01:04:00,0.0,24.1,24.1,2.9
2026-08-27 01:05:00,0.0,24.3,24.3,1.9
2026-08-27 01:06:00,0.0,24.0,24.0,1.2
2026-08-27 01:07:00,0.0,24.4,24.4,1.5
2026-08-27 01:08:00,0.0,24.0,24.0,2.8
2026-08-27 01:09:00,0.0,24.0,24.0,1.9
2026-08-27 01:10:00,0.0,24.1,24.1,1.6
2026-08-27 01:11:00,0.0,23.8,23.8,1.9
2026-08-27 01:12:00,0.0,24.4,24.4,2.3
2026-08-27 01:13:00,0.0,24.0,24.0,2.4
2026-08-27 01:14:00,0.0,24.2,24.2,2.2
2026-08-27 01:15:00,0.0,23.8,23.8,2.7
2026-08-27 01:16:00,0.0,23.9,23.9,2.1
2026-08-27 01:17:00,0.0,24.5,24.5,1.4
2026-08-27 01:18:00,0.0,24.1,24.1,1.8
2026-08-27 01:19:00,0.0,23.9,23.9,2.1
2026-08-27 01:20:00,0.0,23.9,23.9,2.3
2026-08-27 01:21:00,0.0,24.1,24.1,2.4
2026-08-27 01:22:00,0.0,24.0,24.0,1.6
2026-08-27 01:23:00,0.0,23.9,23.9,3.3
2026-08-27 01:24:00,0.0,24.3,24.3,2.1
2026-08-27 01:25:00,0.0,23.9,23.9,1.4
2026-08-27 01:26:00,0.0,23.9,23.9,2.5
2026-08-27 01:27:00,0.0,23.8,23.8,2.3
2026-08-27 01:28:00,0.0,24.1,24.1,2.5
2026-08-27 01:29:00,0.0,23.9,23.9,2.6
2026-08-27 01:30:00,0.0,24.1,24.1,2.1
2026-08-27 01:31:00,0.0,24.3,24.3,1.4
2026-08-27 01:32:00,0.0,24.0,24.0,1.5
2026-08-27 01:33:00,0.0,24.1,24.1,1.8
2026-08-27 01:34:00,0.0,24.1,24.1,3.0
2026-08-27 01:35:00,0.0,24.1,24.1,2.6
2026-08-27 01:36:00,0.0,23.8,23.8,2.0
2026-08-27 01:37:00,0.0,23.9,23.9,1.7
2026-08-27 01:38:00,0.0,24.2,24.2,1.6
2026-08-27 01:39:00,0.0,23.8,23.8,1.3
2026-08-27 01:40:00,0.0,23.9,23.9,2.2
2026-08-27 01:41:00,0.0,24.0,24.0,1.8
2026-08-27 01:42:00,0.0,23.9,23.9,1.6
2026-08-27 01:43:00,0.0,23.8,23.8,1.4
2026-08-27 01:44:00,0.0,23.6,23.6,2.4
2026-08-27 01:45:00,0.0,24.5,24.5,2.4
2026-08-27 01:46:00,0.0,23.9,23.9,2.5
2026-08-27 01:47:00,0.0,23.6,23.6,2.3
2026-08-27 01:48:00,0.0,24.5,24.5,2.8
2026-08-27 01:49:00,0.0,23.7,23.7,3.0
2026-08-27 01:50:00,0.0,24.0,24.0,1.4
2026-08-27 01:51:00,0.0,24.0,24.0,2.1
2026-08-27 01:52:00,0.0,24.0,24.0,1.6
2026-08-27 01:53:00,0.0,23.8,23.8,2.4
2026-08-27 01:54:00,0.0,24.1,24.1,2.8
2026-08-27 01:55:00,0.0,23.9,23.9,1.5
2026-08-27 01:56:00,0.0,24.1,24.1,2.2
2026-08-27 01:57:00,0.0,23.9,23.9,2.7
2026-08-27 01:58:00,0.0,24.1,24.1,2.6
2026-08-27 01:59:00,0.0,24.1,24.1,2.6
2026-08-27 02:00:00,0.0,24.0,24.0,1.6
2026-08-27 02:01:00,0.0,24.3,24.3,2.1
2026-08-27 02:02:00,0.0,23.9,23.9,2.2
2026-08-27 02:03:00,0.0,24.2,24.2,1.4
2026-08-27 02:04:00,0.0,24.1,24.1,2.2
2026-08-27 02:05:00,0.0,24.0,24.0,2.3
2026-08-27 02:06:00,0.0,23.9,23.9,3.1
2026-08-27 02:07:00,0.0,23.7,23.7,2.0
2026-08-27 02:08:00,0.0,24.3,24.3,2.1
2026-08-27 02:09:00,0.0,23.9,23.9,2.1
2026-08-27 02:10:00,0.0,24.2,24.2,1.3
2026-08-27 02:11:00,0.0,24.1,24.1,1.7
2026-08-27 02:12:00,0.0,23.7,23.7,2.5
2026-08-27 02:13:00,0.0,23.9,23.9,1.8
2026-08-27 02:14:00,0.0,24.1,24.1,2.3
2026-08-27 02:15:00,0.0,23.9,23.9,2.4
2026-08-27 02:16:00,0.0,24.3,24.3,1.7
2026-08-27 02:17:00,0.0,24.0,24.0,1.5
2026-08-27 02:18:00,0.0,24.3,24.3,2.1
2026-08-27 02:19:00,0.0,23.6,23.6,1.1
2026-08-27 02:20:00,0.0,24.0,24.0,1.9
2026-08-27 02:21:00,0.0,23.9,23.9,1.6
2026-08-27 02:22:00,0.0,24.2,24.2,2.0
2026-08-27 02:23:00,0.0,24.0,24.0,1.1
2026-08-27 02:24:00,0.0,24.1,24.1,2.6
2026-08-27 02:25:00,0.0,23.7,23.7,1.4
2026-08-27 02:26:00,0.0,24.1,24.1,1.9
2026-08-27 02:27:00,0.0,23.8,23.8,2.2
2026-08-27 02:28:00,0.0,23.8,23.8,2.2
2026-08-27 02:29:00,0.0,23.9,23.9,1.5
2026-08-27 02:30:00,0.0,24.3,24.3,2.4
2026-08-27 02:31:00,0.0,24.2,24.2,1.8
2026-08-27 02:32:00,0.0,24.2,24.2,2.1
2026-08-27 02:33:00,0.0,24.2,24.2,1.6
2026-08-27 02:34:00,0.0,23.9,23.9,1.1
2026-08-27 02:35:00,0.0,23.9,23.9,2.0
2026-08-27 02:36:00,0.0,23.8,23.8,2.6
2026-08-27 02:37:00,0.0,24.0,24.0,1.9
2026-08-27 02:38:00,0.0,24.1,24.1,1.3
2026-08-27 02:39:00,0.0,23.9,23.9,2.1
2026-08-27 02:40:00,0.0,23.9,23.9,1.1
2026-08-27 02:41:00,0.0,24.2,24.2,0.9
2026-08-27 02:42:00,0.0,24.2,24.2,1.8
2026-08-27 02:43:00,0.0,24.0,24.0,3.1
2026-08-27 02:44:00,0.0,24.1,24.1,2.6
2026-08-27 02:45:00,0.0,23.6,23.6,1.4
2026-08-27 02:46:00,0.0,23.9,23.9,3.4
2026-08-27 02:47:00,0.0,24.0,24.0,2.3
2026-08-27 02:48:00,0.0,24.0,24.0,1.5
2026-08-27 02:49:00,0.0,24.2,24.2,1.8
2026-08-27 02:50:00,0.0,24.1,24.1,2.1
2026-08-27 02:51:00,0.0,23.8,23.8,1.4
2026-08-27 02:52:00,0.0,23.5,23.5,1.8
2026-08-27 02:53:00,0.0,23.8,23.8,1.9
2026-08-27 02:54:00,0.0,24.1,24.1,2.0
2026-08-27 02:55:00,0.0,24.3,24.3,2.4
2026-08-27 02:56:00,0.0,24.1,24.1,1.7
2026-08-27 02:57:00,0.0,24.2,24.2,2.3
2026-08-27 02:58:00,0.0,24.0,24.0,2.3
2026-08-27 02:59:00,0.0,24.0,24.0,2.5
2026-08-27 03:00:00,0.0,23.9,23.9,2.5
2026-08-27 03:01:00,0.0,24.0,24.0,1.8
2026-08-27 03:02:00,0.0,24.2,24.2,2.4
2026-08-27 03:03:00,0.0,23.9,23.9,1.2
2026-08-27 03:04:00,0.0,24.1,24.1,2.0
2026-08-27 03:05:00,0.0,24.0,24.0,2.6
2026-08-27 03:06:00,0.0,24.1,24.1,2.3
2026-08-27 03:07:00,0.0,24.1,24.1,2.4
2026-08-27 03:08:00,0.0,23.9,23.9,2.4
2026-08-27 03:09:00,0.0,23.8,23.8,0.5
2026-08-27 03:10:00,0.0,23.9,23.9,1.5
2026-08-27 03:11:00,0.0,23.9,23.9,1.5
2026-08-27 03:12:00,0.0,24.1,24.1,1.2
2026-08-27 03:13:00,0.0,24.2,24.2,1.8
2026-08-27 03:14:00,0.0,24.0,24.0,1.5
2026-08-27 03:15:00,0.0,24.1,24.1,2.0
2026-08-27 03:16:00,0.0,24.0,24.0,1.4
2026-08-27 03:17:00,0.0,24.0,24.0,2.5
2026-08-27 03:18:00,0.0,24.3,24.3,2.5
2026-08-27 03:19:00,0.0,24.0,24.0,2.2
2026-08-27 03:20:00,0.0,23.9,23.9,1.7
2026-08-27 03:21:00,0.0,23.9,23.9,1.6
2026-08-27 03:22:00,0.0,23.9,23.9,1.6
2026-08-27 03:23:00,0.0,23.9,23.9,2.5
2026-08-27 03:24:00,0.0,24.1,24.1,2.7
2026-08-27 03:25:00,0.0,23.8,23.8,2.9
2026-08-27 03:26:00,0.0,24.1,24.1,2.1
2026-08-27 03:27:00,0.0,23.7,23.7,2.0
2026-08-27 03:28:00,0.0,23.7,23.7,1.6
2026-08-27 03:29:00,0.0,23.9,23.9,1.6
2026-08-27 03:30:00,0.0,23.9,23.9,2.3
2026-08-27 03:31:00,0.0,23.9,23.9,2.9
2026-08-27 03:32:00,0.0,23.9,23.9,0.8
2026-08-27 03:33:00,0.0,24.1,24.1,2.5
2026-08-27 03:34:00,0.0,23.8,23.8,1.5
2026-08-27 03:35:00,0.0,23.7,23.7,1.9
2026-08-27 03:36:00,0.0,24.0,24.0,1.6
2026-08-27 03:37:00,0.0,24.1,24.1,2.7
2026-08-27 03:38:00,0.0,24.0,24.0,1.1
2026-08-27 03:39:00,0.0,23.7,23.7,1.6
2026-08-27 03:40:00,0.0,24.1,24.1,1.8
2026-08-27 03:41:00,0.0,24.2,24.2,1.6
2026-08-27 03:42:00,0.0,24.0,24.0,1.7
2026-08-27 03:43:00,0.0,24.3,24.3,1.5
2026-08-27 03:44:00,0.0,23.7,23.7,2.0
2026-08-27 03:45:00,0.0,24.0,24.0,1.5
2026-08-27 03:46:00,0.0,23.6,23.6,1.3
2026-08-27 03:47:00,0.0,23.9,23.9,2.5
2026-08-27 03:48:00,0.0,24.0,24.0,1.7
2026-08-27 03:49:00,0.0,23.9,23.9,2.1
2026-08-27 03:50:00,0.0,24.2,24.2,1.9
2026-08-27 03:51:00,0.0,24.0,24.0,1.3
2026-08-27 03:52:00,0.0,24.2,24.2,1.6
2026-08-27 03:53:00,0.0,23.6,23.6,2.2
2026-08-27 03:54:00,0.0,24.1,24.1,2.5
2026-08-27 03:55:00,0.0,23.9,23.9,2.2
2026-08-27 03:56:00,0.0,23.8,23.8,1.9
2026-08-27 03:57:00,0.0,24.0,24.0,2.4
2026-08-27 03:58:00,0.0,23.9,23.9,1.6
2026-08-27 03:59:00,0.0,24.1,24.1,2.3
2026-08-27 04:00:00,0.0,24.0,24.0,2.2
2026-08-27 04:01:00,0.0,23.9,23.9,2.5
2026-08-27 04:02:00,0.0,23.8,23.8,1.8
2026-08-27 04:03:00,0.0,24.3,24.3,2.4
2026-08-27 04:04:00,0.0,24.1,24.1,1.7
2026-08-27 04:05:00,0.0,24.2,24.2,1.9
2026-08-27 04:06:00,0.0,24.1,24.1,2.1
2026-08-27 04:07:00,0.0,23.9,23.9,1.5
2026-08-27 04:08:00,0.0,24.1,24.1,1.6
2026-08-27 04:09:00,0.0,23.9,23.9,1.9
2026-08-27 04:10:00,0.0,24.1,24.1,2.0
2026-08-27 04:11:00,0.0,23.9,23.9,1.8
2026-08-27 04:12:00,0.0,24.0,24.0,2.1
2026-08-27 04:13:00,0.0,24.1,24.1,2.0
2026-08-27 04:14:00,0.0,24.0,24.0,1.2
2026-08-27 04:15:00,0.0,24.0,24.0,2.6
2026-08-27 04:16:00,0.0,24.4,24.4,1.9
2026-08-27 04:17:00,0.0,24.2,24.2,2.3
2026-08-27 04:18:00,0.0,24.1,24.1,2.1
2026-08-27 04:19:00,0.0,24.0,24.0,1.4
2026-08-27 04:20:00,0.0,24.0,24.0,1.0
2026-08-27 04:21:00,0.0,24.1,24.1,2.2
2026-08-27 04:22:00,0.0,24.0,24.0,1.9
2026-08-27 04:23:00,0.0,24.2,24.2,2.3
2026-08-27 04:24:00,0.0,24.2,24.2,2.7
2026-08-27 04:25:00,0.0,23.1,23.1,1.8
2026-08-27 04:26:00,0.0,24.0,24.0,2.0
2026-08-27 04:27:00,0.0,23.9,23.9,1.9
2026-08-27 04:28:00,0.0,24.1,24.1,1.5
2026-08-27 04:29:00,0.0,24.1,24.1,1.7
2026-08-27 04:30:00,0.0,23.9,23.9,1.2
2026-08-27 04:31:00,0.0,24.1,24.1,1.7
2026-08-27 04:32:00,0.0,23.9,23.9,2.5
2026-08-27 04:33:00,0.0,24.1,24.1,1.8
2026-08-27 04:34:00,0.0,24.1,24.1,1.2
2026-08-27 04:35:00,0.0,23.9,23.9,2.6
2026-08-27 04:36:00,0.0,24.0,24.0,1.4
2026-08-27 04:37:00,0.0,24.0,24.0,1.9
2026-08-27 04:38:00,0.0,24.2,24.2,1.7
2026-08-27 04:39:00,0.0,24.3,24.3,2.1
2026-08-27 04:40:00,0.0,24.3,24.3,1.7
2026-08-27 04:41:00,0.0,24.1,24.1,2.1
2026-08-27 04:42:00,0.0,23.7,23.7,3.2
2026-08-27 04:43:00,0.0,24.3,24.3,2.9
2026-08-27 04:44:00,0.0,23.8,23.8,1.0
2026-08-27 04:45:00,0.0,24.1,24.1,2.2
2026-08-27 04:46:00,0.0,24.0,24.0,2.5
2026-08-27 04:47:00,0.0,23.9,23.9,1.7
2026-08-27 04:48:00,0.0,24.3,24.3,1.3
2026-08-27 04:49:00,0.0,24.2,24.2,2.5
2026-08-27 04:50:00,0.0,24.0,24.0,1.6
2026-08-27 04:51:00,0.0,24.1,24.1,1.2
2026-08-27 04:52:00,0.0,23.6,23.6,2.4
2026-08-27 04:53:00,0.0,23.5,23.5,1.7
2026-08-27 04:54:00,0.0,24.1,24.1,1.4
2026-08-27 04:55:00,0.0,24.1,24.1,1.9
2026-08-27 04:56:00,0.0,24.1,24.1,2.6
2026-08-27 04:57:00,0.0,23.8,23.8,2.2
2026-08-27 04:58:00,0.0,23.9,23.9,2.3
2026-08-27 04:59:00,0.0,24.1,24.1,1.7
2026-08-27 05:00:00,0.0,24.0,24.0,2.6
2026-08-27 05:01:00,0.0,24.1,24.1,2.1
2026-08-27 05:02:00,0.0,24.1,24.1,1.7
2026-08-27 05:03:00,0.0,24.3,24.3,1.9
2026-08-27 05:04:00,0.0,24.2,24.2,1.6
2026-08-27 05:05:00,0.0,23.9,23.9,1.5
2026-08-27 05:06:00,0.0,23.8,23.8,2.6
2026-08-27 05:07:00,0.0,24.4,24.4,2.4
2026-08-27 05:08:00,0.0,23.9,23.9,2.4
2026-08-27 05:09:00,0.0,24.0,24.0,1.8
2026-08-27 05:10:00,0.0,24.1,24.1,2.4
2026-08-27 05:11:00,0.0,23.8,23.8,2.2
2026-08-27 05:12:00,0.0,23.7,23.7,2.7
2026-08-27 05:13:00,0.0,24.1,24.1,2.7
2026-08-27 05:14:00,0.0,24.1,24.1,1.7
2026-08-27 05:15:00,0.0,24.0,24.0,2.3
2026-08-27 05:16:00,0.0,24.0,24.0,1.4
2026-08-27 05:17:00,0.0,23.8,23.8,1.0
2026-08-27 05:18:00,0.0,23.8,23.8,1.8
2026-08-27 05:19:00,0.0,24.1,24.1,2.1
2026-08-27 05:20:00,0.0,23.6,23.6,3.0
2026-08-27 05:21:00,0.0,23.9,23.9,2.0
2026-08-27 05:22:00,0.0,24.1,24.1,2.3
2026-08-27 05:23:00,0.0,24.0,24.0,2.1
2026-08-27 05:24:00,0.0,24.1,24.1,2.2
2026-08-27 05:25:00,0.0,24.1,24.1,2.6
2026-08-27 05:26:00,0.0,23.8,23.8,2.8
2026-08-27 05:27:00,0.0,24.0,24.0,2.2
2026-08-27 05:28:00,0.0,24.0,24.0,1.7
2026-08-27 05:29:00,0.0,24.0,24.0,2.6
2026-08-27 05:30:00,0.0,24.1,24.1,2.1
2026-08-27 05:31:00,0.0,24.1,24.1,1.0
2026-08-27 05:32:00,0.0,24.2,24.2,1.6
2026-08-27 05:33:00,0.0,23.9,23.9,1.3
2026-08-27 05:34:00,0.0,23.8,23.8,1.4
2026-08-27 05:35:00,0.0,24.1,24.1,2.0
2026-08-27 05:36:00,0.0,24.1,24.1,2.2
2026-08-27 05:37:00,0.0,23.8,23.8,1.7
2026-08-27 05:38:00,0.0,23.9,23.9,1.6
2026-08-27 05:39:00,0.0,23.8,23.8,2.1
2026-08-27 05:40:00,0.0,24.2,24.2,2.2
2026-08-27 05:41:00,0.0,24.2,24.2,2.6
2026-08-27 05:42:00,0.0,24.2,24.2,2.9
2026-08-27 05:43:00,0.0,23.7,23.7,2.2
2026-08-27 05:44:00,0.0,23.9,23.9,1.9
2026-08-27 05:45:00,51.4,24.3,27.1,3.4
2026-08-27 05:46:00,0.4,24.5,24.4,2.2
2026-08-27 05:47:00,0.0,24.3,24.5,4.0
2026-08-27 05:48:00,0.0,24.2,25.0,3.2
2026-08-27 05:49:00,0.0,24.5,24.3,4.0
2026-08-27 05:50:00,71.7,24.4,26.5,4.1
2026-08-27 05:51:00,0.0,24.4,25.6,2.8
2026-08-27 05:52:00,24.2,24.7,25.3,3.3
2026-08-27 05:53:00,0.0,24.4,24.7,4.5
2026-08-27 05:54:00,32.5,24.8,26.3,4.1
2026-08-27 05:55:00,17.8,24.2,25.1,3.9
2026-08-27 05:56:00,0.0,24.5,24.5,5.3
2026-08-27 05:57:00,0.2,24.7,25.0,4.4
2026-08-27 05:58:00,6.3,24.6,25.7,3.2
2026-08-27 05:59:00,53.0,24.6,26.0,1.7
2026-08-27 06:00:00,68.2,24.5,26.1,1.6
2026-08-27 06:01:00,58.5,24.4,26.1,4.5
2026-08-27 06:02:00,49.8,24.4,25.9,3.7
2026-08-27 06:03:00,64.7,24.4,27.2,3.9
2026-08-27 06:04:00,26.0,24.5,25.5,3.1
2026-08-27 06:05:00,66.4,24.6,27.1,5.2
2026-08-27 06:06:00,58.4,24.3,26.6,3.8
2026-08-27 06:07:00,60.7,24.2,25.4,2.6
2026-08-27 06:08:00,77.9,24.5,27.3,2.6
2026-08-27 06:09:00,28.4,24.8,24.9,1.4
2026-08-27 06:10:00,28.5,24.3,25.0,4.3
2026-08-27 06:11:00,109.1,24.9,28.7,2.9
2026-08-27 06:12:00,66.2,24.4,26.0,3.9
2026-08-27 06:13:00,114.6,24.8,28.1,3.9
2026-08-27 06:14:00,88.4,24.3,27.3,2.8
2026-08-27 06:15:00,94.6,24.4,27.4,2.0
2026-08-27 06:16:00,145.8,24.4,28.5,4.7
2026-08-27 06:17:00,105.7,24.3,28.3,3.6
2026-08-27 06:18:00,87.4,24.5,27.0,3.4
2026-08-27 06:19:00,95.1,24.6,28.3,5.3
2026-08-27 06:20:00,136.0,24.4,28.8,4.3
2026-08-27 06:21:00,68.9,24.9,27.2,1.8
2026-08-27 06:22:00,95.1,24.7,27.6,5.0
2026-08-27 06:23:00,77.5,24.4,27.5,2.3
2026-08-27 06:24:00,105.7,24.7,28.4,4.3
2026-08-27 06:25:00,126.5,24.5,28.5,4.4
2026-08-27 06:26:00,123.4,24.8,28.9,3.6
2026-08-27 06:27:00,94.7,24.6,27.6,2.8
2026-08-27 06:28:00,147.2,24.1,28.0,4.2
2026-08-27 06:29:00,160.5,24.5,29.8,2.0
2026-08-27 06:30:00,158.2,24.7,29.6,3.9
2026-08-27 06:31:00,204.7,24.3,30.0,3.4
2026-08-27 06:32:00,183.4,24.5,30.9,4.8
2026-08-27 06:33:00,151.8,24.4,29.5,4.5
2026-08-27 06:34:00,279.4,24.7,33.5,2.9
2026-08-27 06:35:00,124.7,24.5,27.4,4.7
2026-08-27 06:36:00,144.0,24.2,28.4,4.4
2026-08-27 06:37:00,167.0,24.4,30.1,2.3
2026-08-27 06:38:00,120.9,24.3,27.9,4.9
2026-08-27 06:39:00,240.5,24.3,31.7,4.5
2026-08-27 06:40:00,152.6,24.6,29.2,4.2
2026-08-27 06:41:00,165.4,24.7,29.5,3.6
2026-08-27 06:42:00,198.8,24.4,30.9,3.2
2026-08-27 06:43:00,215.3,24.2,30.1,4.7
2026-08-27 06:44:00,166.6,24.8,29.8,4.1
2026-08-27 06:45:00,174.9,24.7,29.9,2.7
2026-08-27 06:46:00,218.9,24.7,32.1,3.1
2026-08-27 06:47:00,220.3,24.7,31.8,2.0
2026-08-27 06:48:00,268.6,24.5,32.9,3.8
2026-08-27 06:49:00,237.7,24.5,31.6,2.7
2026-08-27 06:50:00,242.5,24.7,32.7,3.5
2026-08-27 06:51:00,248.6,24.7,32.0,2.6
2026-08-27 06:52:00,242.7,24.4,32.0,2.2
2026-08-27 06:53:00,203.7,24.8,31.3,2.7
2026-08-27 06:54:00,250.6,24.4,32.4,3.9
2026-08-27 06:55:00,238.2,24.4,32.0,4.4
2026-08-27 06:56:00,208.0,24.4,30.4,2.9
2026-08-27 06:57:00,262.7,24.3,32.4,2.2
2026-08-27 06:58:00,227.0,24.4,31.4,3.7
2026-08-27 06:59:00,298.1,24.4,34.2,3.2
2026-08-27 07:00:00,255.1,24.1,31.8,3.2
2026-08-27 07:01:00,311.3,24.7,34.3,3.3
2026-08-27 07:02:00,256.0,24.3,32.6,2.7
2026-08-27 07:03:00,294.0,24.2,33.4,4.3
2026-08-27 07:04:00,283.1,24.9,33.8,1.8
2026-08-27 07:05:00,264.0,24.9,32.9,4.7
2026-08-27 07:06:00,288.1,24.9,32.9,5.2
2026-08-27 07:07:00,301.0,24.9,34.3,3.4
2026-08-27 07:08:00,311.4,24.8,33.9,1.4
2026-08-27 07:09:00,258.9,24.6,33.0,4.3
2026-08-27 07:10:00,329.1,24.7,34.6,3.0
2026-08-27 07:11:00,315.2,25.1,35.1,2.9
2026-08-27 07:12:00,327.1,25.0,35.0,4.0
2026-08-27 07:13:00,295.9,25.0,33.7,3.5
2026-08-27 07:14:00,281.1,24.8,34.3,3.1
2026-08-27 07:15:00,301.7,25.0,34.4,4.8
2026-08-27 07:16:00,364.1,25.0,36.0,3.2
2026-08-27 07:17:00,259.4,25.3,33.7,4.4
2026-08-27 07:18:00,331.1,25.3,36.5,1.8
2026-08-27 07:19:00,388.8,25.3,37.0,4.4
2026-08-27 07:20:00,341.7,25.5,36.9,4.9
2026-08-27 07:21:00,354.2,25.4,36.7,3.9
2026-08-27 07:22:00,316.8,25.3,35.6,2.9
2026-08-27 07:23:00,380.4,25.4,37.4,2.8
2026-08-27 07:24:00,381.6,25.5,38.1,4.7
2026-08-27 07:25:00,353.3,25.5,36.9,5.4
2026-08-27 07:26:00,360.8,25.8,37.5,3.0
2026-08-27 07:27:00,354.7,25.2,35.4,3.7
2026-08-27 07:28:00,430.3,25.7,39.4,4.7
2026-08-27 07:29:00,441.5,26.1,39.8,4.9
2026-08-27 07:30:00,414.0,25.9,39.2,4.2
2026-08-27 07:31:00,421.5,25.9,38.3,3.8
2026-08-27 07:32:00,395.0,25.9,38.2,2.7
2026-08-27 07:33:00,407.4,26.0,38.0,3.6
2026-08-27 07:34:00,451.6,26.0,39.8,4.6
2026-08-27 07:35:00,351.1,25.7,37.0,1.7
2026-08-27 07:36:00,394.0,25.8,38.4,4.1
2026-08-27 07:37:00,402.3,25.8,38.4,2.4
2026-08-27 07:38:00,412.0,25.9,38.5,5.1
2026-08-27 07:39:00,456.1,25.6,40.0,4.2
2026-08-27 07:40:00,445.7,26.2,39.9,2.5
2026-08-27 07:41:00,450.9,26.1,40.2,1.7
2026-08-27 07:42:00,465.3,26.1,41.5,4.7
2026-08-27 07:43:00,460.6,26.3,41.3,3.2
2026-08-27 07:44:00,415.8,26.5,39.1,3.7
2026-08-27 07:45:00,467.6,26.4,40.9,2.7
2026-08-27 07:46:00,401.6,25.9,38.6,3.6
2026-08-27 07:47:00,470.4,26.4,41.6,1.9
2026-08-27 07:48:00,469.0,26.2,40.7,3.8
2026-08-27 07:49:00,450.1,26.5,39.4,4.4
2026-08-27 07:50:00,474.9,26.4,42.3,3.2
2026-08-27 07:51:00,415.9,26.7,39.5,3.6
2026-08-27 07:52:00,519.9,26.6,44.0,2.8
2026-08-27 07:53:00,487.7,26.4,40.7,4.5
2026-08-27 07:54:00,525.4,26.5,43.5,2.8
2026-08-27 07:55:00,417.5,26.7,39.9,3.4
2026-08-27 07:56:00,458.8,26.9,41.0,1.6
2026-08-27 07:57:00,506.0,26.4,41.7,1.1
2026-08-27 07:58:00,507.2,26.1,42.3,2.3
2026-08-27 07:59:00,438.8,27.1,40.3,3.0
2026-08-27 08:00:00,499.2,26.9,42.1,5.1
2026-08-27 08:01:00,487.0,26.9,41.9,1.3
2026-08-27 08:02:00,550.8,27.1,44.3,2.5
2026-08-27 08:03:00,564.7,27.1,44.8,3.7
2026-08-27 08:04:00,587.2,27.0,45.8,3.3
2026-08-27 08:05:00,522.4,27.1,42.8,3.7
2026-08-27 08:06:00,529.9,27.1,44.8,3.4
2026-08-27 08:07:00,494.9,27.0,42.8,4.5
2026-08-27 08:08:00,619.7,26.7,45.5,4.0
2026-08-27 08:09:00,598.0,27.2,46.0,5.3
2026-08-27 08:10:00,513.7,27.3,43.3,2.6
2026-08-27 08:11:00,580.2,27.2,44.9,3.4
2026-08-27 08:12:00,630.7,27.2,47.8,4.1
2026-08-27 08:13:00,521.1,27.6,44.0,3.8
2026-08-27 08:14:00,528.9,27.6,44.1,5.0
2026-08-27 08:15:00,574.3,27.7,46.7,4.2
2026-08-27 08:16:00,570.0,27.3,45.4,4.8
2026-08-27 08:17:00,583.9,27.5,45.8,1.9
2026-08-27 08:18:00,642.2,27.7,48.1,3.6
2026-08-27 08:19:00,589.6,27.6,46.7,3.0
2026-08-27 08:20:00,575.5,27.6,46.0,5.4
2026-08-27 08:21:00,594.7,27.3,46.3,4.7
2026-08-27 08:22:00,596.5,27.5,47.0,4.1
2026-08-27 08:23:00,598.8,27.6,47.0,4.0
2026-08-27 08:24:00,584.3,28.0,46.0,3.0
2026-08-27 08:25:00,591.1,27.9,46.1,2.9
2026-08-27 08:26:00,595.8,28.2,46.5,3.5
2026-08-27 08:27:00,598.6,28.3,46.2,2.7
2026-08-27 08:28:00,643.7,27.8,47.3,3.2
2026-08-27 08:29:00,593.6,28.1,46.2,5.0
2026-08-27 08:30:00,600.8,28.0,46.8,3.1
2026-08-27 08:31:00,657.8,27.9,48.8,2.4
2026-08-27 08:32:00,626.1,28.0,46.8,2.2
2026-08-27 08:33:00,611.3,28.1,46.8,3.9
2026-08-27 08:34:00,659.9,28.1,48.7,4.8
2026-08-27 08:35:00,754.2,28.1,52.1,4.2
2026-08-27 08:36:00,668.1,28.4,49.3,2.5
2026-08-27 08:37:00,641.9,28.2,47.5,3.5
2026-08-27 08:38:00,683.4,28.3,49.9,3.3
2026-08-27 08:39:00,711.9,28.5,50.9,2.4
2026-08-27 08:40:00,612.1,28.3,47.4,3.2
2026-08-27 08:41:00,685.6,28.7,49.1,2.3
2026-08-27 08:42:00,682.1,28.4,49.9,1.2
2026-08-27 08:43:00,703.7,28.4,50.7,3.5
2026-08-27 08:44:00,625.4,28.8,49.3,5.4
2026-08-27 08:45:00,655.8,28.8,48.9,4.7
2026-08-27 08:46:00,681.9,28.4,49.7,2.9
2026-08-27 08:47:00,704.7,28.8,50.8,3.4
2026-08-27 08:48:00,656.2,28.5,48.2,4.0
2026-08-27 08:49:00,714.8,28.6,51.0,4.0
2026-08-27 08:50:00,687.4,29.0,51.1,2.8
2026-08-27 08:51:00,663.2,29.0,49.8,4.0
2026-08-27 08:52:00,757.8,28.6,51.8,4.0
2026-08-27 08:53:00,715.5,29.0,52.0,3.3
2026-08-27 08:54:00,730.1,28.9,52.0,3.3
2026-08-27 08:55:00,759.4,28.7,52.7,2.5
2026-08-27 08:56:00,717.2,28.9,50.6,2.9
2026-08-27 08:57:00,718.1,28.4,50.4,4.1
2026-08-27 08:58:00,743.4,29.1,52.7,3.7
2026-08-27 08:59:00,725.9,28.8,52.0,2.8
2026-08-27 09:00:00,729.3,29.4,52.5,2.6
2026-08-27 09:01:00,754.7,29.1,52.7,3.9
2026-08-27 09:02:00,730.9,29.0,52.6,3.5
2026-08-27 09:03:00,699.9,29.1,51.0,3.2
2026-08-27 09:04:00,670.8,29.1,49.5,3.2
2026-08-27 09:05:00,655.4,29.2,49.3,4.8
2026-08-27 09:06:00,687.6,29.3,51.4,3.5
2026-08-27 09:07:00,662.8,29.4,50.3,1.6
2026-08-27 09:08:00,601.5,29.3,48.0,5.8
2026-08-27 09:09:00,642.6,29.3,49.4,4.3
2026-08-27 09:10:00,676.5,29.3,50.2,3.2
2026-08-27 09:11:00,600.0,29.5,49.0,3.8
2026-08-27 09:12:00,590.8,29.4,48.5,3.2
2026-08-27 09:13:00,568.2,29.6,47.9,4.5
2026-08-27 09:14:00,624.3,29.4,48.9,2.9
2026-08-27 09:15:00,548.6,29.6,46.2,3.7
2026-08-27 09:16:00,508.0,29.8,45.7,5.0
2026-08-27 09:17:00,520.3,29.8,46.9,2.8
2026-08-27 09:18:00,487.6,29.5,44.4,4.2
2026-08-27 09:19:00,409.9,30.0,42.3,2.7
2026-08-27 09:20:00,455.1,29.9,43.9,2.1
2026-08-27 09:21:00,452.3,29.7,43.4,3.4
2026-08-27 09:22:00,410.9,29.8,42.5,3.2
2026-08-27 09:23:00,436.9,29.9,43.0,2.9
2026-08-27 09:24:00,418.5,29.6,42.8,2.7
2026-08-27 09:25:00,408.2,30.1,42.7,3.9
2026-08-27 09:26:00,438.2,30.0,43.9,3.6
2026-08-27 09:27:00,458.1,30.0,44.2,3.8
2026-08-27 09:28:00,491.2,29.9,46.2,2.9
2026-08-27 09:29:00,453.2,30.2,43.4,3.6
2026-08-27 09:30:00,512.2,30.1,46.3,5.2
2026-08-27 09:31:00,472.7,30.0,44.9,4.1
2026-08-27 09:32:00,402.2,30.3,43.0,4.1
2026-08-27 09:33:00,569.7,30.2,47.8,3.4
2026-08-27 09:34:00,583.8,30.3,48.4,3.5
2026-08-27 09:35:00,518.3,30.4,47.4,3.4
2026-08-27 09:36:00,612.0,30.3,49.5,3.7
2026-08-27 09:37:00,624.9,30.4,50.9,2.0
2026-08-27 09:38:00,621.5,30.5,49.5,4.7
2026-08-27 09:39:00,686.9,30.3,51.4,3.1
2026-08-27 09:40:00,672.6,30.7,51.9,3.0
2026-08-27 09:41:00,723.7,30.8,53.8,2.1
2026-08-27 09:42:00,732.8,30.9,54.7,4.0
2026-08-27 09:43:00,777.6,30.3,54.8,5.3
2026-08-27 09:44:00,746.2,30.5,53.5,2.5
2026-08-27 09:45:00,829.1,30.3,56.3,4.3
2026-08-27 09:46:00,835.0,30.4,56.5,2.1
2026-08-27 09:47:00,873.2,30.6,58.9,3.9
2026-08-27 09:48:00,839.1,30.4,58.0,2.6
2026-08-27 09:49:00,898.2,30.8,59.3,4.2
2026-08-27 09:50:00,859.9,30.8,57.9,1.3
2026-08-27 09:51:00,856.7,30.8,58.3,2.0
2026-08-27 09:52:00,849.3,30.7,58.1,3.0
2026-08-27 09:53:00,895.5,30.7,58.7,2.0
2026-08-27 09:54:00,904.3,30.6,58.1,4.3
2026-08-27 09:55:00,784.0,31.2,56.2,4.2
2026-08-27 09:56:00,932.0,31.0,60.2,3.3
2026-08-27 09:57:00,875.5,31.3,58.9,4.4
2026-08-27 09:58:00,878.0,31.2,59.0,4.0
2026-08-27 09:59:00,808.7,31.3,58.1,2.1
2026-08-27 10:00:00,829.2,30.9,56.2,3.0
2026-08-27 10:01:00,822.2,31.1,56.2,5.2
2026-08-27 10:02:00,756.6,31.1,54.9,2.0
2026-08-27 10:03:00,851.6,31.1,57.6,2.2
2026-08-27 10:04:00,722.4,31.1,53.1,4.0
2026-08-27 10:05:00,729.5,30.7,54.3,3.2
2026-08-27 10:06:00,734.0,31.1,54.7,6.0
2026-08-27 10:07:00,675.3,31.2,52.2,3.3
2026-08-27 10:08:00,627.1,31.5,51.5,2.1
2026-08-27 10:09:00,625.3,31.4,51.2,3.3
2026-08-27 10:10:00,599.1,31.3,50.6,2.4
2026-08-27 10:11:00,580.1,31.3,49.9,5.7
2026-08-27 10:12:00,582.9,31.2,49.3,4.6
2026-08-27 10:13:00,585.6,31.5,51.6,2.7
2026-08-27 10:14:00,565.9,31.7,49.0,5.1
2026-08-27 10:15:00,512.1,31.6,48.0,4.2
2026-08-27 10:16:00,540.5,31.6,48.4,3.4
2026-08-27 10:17:00,495.5,31.7,47.5,4.0
2026-08-27 10:18:00,559.8,31.7,48.8,3.9
2026-08-27 10:19:00,538.9,31.4,47.9,2.7
2026-08-27 10:20:00,537.8,31.7,48.3,1.8
2026-08-27 10:21:00,490.4,31.4,47.4,3.4
2026-08-27 10:22:00,562.4,31.8,49.0,2.6
2026-08-27 10:23:00,575.7,31.9,50.4,4.3
2026-08-27 10:24:00,535.5,31.6,48.2,2.5
2026-08-27 10:25:00,545.1,31.5,48.5,3.1
2026-08-27 10:26:00,589.9,31.8,50.8,3.0
2026-08-27 10:27:00,591.8,31.6,49.8,3.7
2026-08-27 10:28:00,635.2,31.8,51.5,5.0
2026-08-27 10:29:00,637.3,31.8,52.5,3.7
2026-08-27 10:30:00,678.0,31.8,52.4,4.0
2026-08-27 10:31:00,655.6,32.1,53.8,4.8
2026-08-27 10:32:00,723.6,32.2,55.2,1.7
2026-08-27 10:33:00,737.4,31.9,55.0,2.3
2026-08-27 10:34:00,772.6,32.2,55.8,2.6
2026-08-27 10:35:00,824.6,32.2,58.1,3.2
2026-08-27 10:36:00,810.8,32.1,57.6,3.9
2026-08-27 10:37:00,938.5,31.9,60.5,3.8
2026-08-27 10:38:00,943.0,32.1,62.4,2.3
2026-08-27 10:39:00,960.3,31.8,62.0,6.6
2026-08-27 10:40:00,874.5,32.2,59.0,5.3
2026-08-27 10:41:00,951.6,32.0,61.8,3.8
2026-08-27 10:42:00,898.3,32.3,60.9,4.2
2026-08-27 10:43:00,921.9,32.3,60.9,4.1
2026-08-27 10:44:00,927.9,32.4,61.5,2.1
2026-08-27 10:45:00,1008.4,32.5,63.7,3.5
2026-08-27 10:46:00,960.3,32.4,62.8,4.6
2026-08-27 10:47:00,950.7,32.3,62.0,0.1
2026-08-27 10:48:00,966.7,32.4,62.5,3.6
2026-08-27 10:49:00,1001.1,32.4,64.1,2.6
2026-08-27 10:50:00,965.0,32.6,63.6,4.6
2026-08-27 10:51:00,1006.8,32.3,63.7,3.9
2026-08-27 10:52:00,975.5,32.0,62.9,2.9
2026-08-27 10:53:00,950.7,32.5,62.3,4.9
2026-08-27 10:54:00,976.6,32.3,63.5,3.3
2026-08-27 10:55:00,919.9,32.4,61.2,3.7
2026-08-27 10:56:00,834.0,32.5,58.7,3.5
2026-08-27 10:57:00,844.4,32.2,58.3,2.5
2026-08-27 10:58:00,868.4,32.8,60.3,3.9
2026-08-27 10:59:00,859.6,32.8,59.2,3.9
2026-08-27 11:00:00,741.7,33.0,56.3,3.7
2026-08-27 11:01:00,753.2,32.9,56.8,5.1
2026-08-27 11:02:00,809.5,32.9,58.7,4.0
2026-08-27 11:03:00,625.2,32.8,50.9,3.3
2026-08-27 11:04:00,638.4,32.6,52.2,2.4
2026-08-27 11:05:00,586.6,33.0,51.0,2.5
2026-08-27 11:06:00,665.7,33.0,54.3,4.4
2026-08-27 11:07:00,569.1,32.9,49.5,4.0
2026-08-27 11:08:00,596.1,33.2,51.7,2.1
2026-08-27 11:09:00,648.5,33.1,53.0,3.3
2026-08-27 11:10:00,565.0,32.9,50.9,5.3
2026-08-27 11:11:00,547.7,33.3,50.3,4.3
2026-08-27 11:12:00,585.1,33.2,51.3,5.1
2026-08-27 11:13:00,566.0,33.3,51.3,2.2
2026-08-27 11:14:00,601.0,32.8,50.8,3.3
2026-08-27 11:15:00,656.9,33.1,53.2,4.3
2026-08-27 11:16:00,572.2,33.2,51.3,2.8
2026-08-27 11:17:00,562.6,33.0,50.3,2.6
2026-08-27 11:18:00,698.2,33.4,55.3,5.4
2026-08-27 11:19:00,659.1,33.3,53.7,2.6
2026-08-27 11:20:00,694.9,33.1,54.1,2.5
2026-08-27 11:21:00,671.7,33.1,54.2,4.4
2026-08-27 11:22:00,618.3,33.0,51.9,3.1
2026-08-27 11:23:00,682.2,33.0,54.3,3.2
2026-08-27 11:24:00,712.8,33.6,56.3,3.1
2026-08-27 11:25:00,812.3,33.4,59.0,2.6
2026-08-27 11:26:00,778.7,33.3,57.7,2.6
2026-08-27 11:27:00,820.9,33.6,59.0,3.0
2026-08-27 11:28:00,802.6,33.5,58.4,3.2
2026-08-27 11:29:00,902.6,33.2,61.6,2.4
2026-08-27 11:30:00,940.3,33.5,63.4,5.0
2026-08-27 11:31:00,922.3,33.3,61.4,3.4
2026-08-27 11:32:00,945.5,33.3,62.9,4.8
2026-08-27 11:33:00,980.3,33.6,63.7,4.6
2026-08-27 11:34:00,988.0,33.6,64.3,4.6
2026-08-27 11:35:00,1033.5,33.6,66.5,4.4
2026-08-27 11:36:00,1029.7,33.8,66.1,4.9
2026-08-27 11:37:00,1037.1,33.3,64.7,4.0
2026-08-27 11:38:00,1030.8,33.4,65.1,3.9
2026-08-27 11:39:00,1050.3,33.5,66.7,5.1
2026-08-27 11:40:00,1036.0,33.4,66.3,2.6
2026-08-27 11:41:00,1055.5,33.4,67.0,2.4
2026-08-27 11:42:00,1024.3,33.5,65.8,4.0
2026-08-27 11:43:00,1017.0,33.6,65.5,3.9
2026-08-27 11:44:00,1033.3,33.6,65.8,1.5
2026-08-27 11:45:00,1036.9,33.7,66.7,3.3
2026-08-27 11:46:00,912.1,33.6,62.1,4.7
2026-08-27 11:47:00,960.6,33.5,63.7,2.5
2026-08-27 11:48:00,940.1,33.8,63.4,3.3
2026-08-27 11:49:00,942.7,34.1,63.5,3.3
2026-08-27 11:50:00,924.7,33.9,63.1,1.5
2026-08-27 11:51:00,951.7,33.9,63.1,3.3
2026-08-27 11:52:00,831.5,33.9,59.8,4.0
2026-08-27 11:53:00,890.7,34.1,61.8,5.1
2026-08-27 11:54:00,728.4,33.9,56.6,2.4
2026-08-27 11:55:00,718.0,33.7,56.4,3.4
2026-08-27 11:56:00,702.8,33.7,55.3,4.4
2026-08-27 11:57:00,767.2,34.1,58.1,2.1
2026-08-27 11:58:00,711.3,33.8,55.6,3.5
2026-08-27 11:59:00,717.1,33.8,56.5,3.5
2026-08-27 12:00:00,709.5,34.2,56.6,2.3
2026-08-27 12:01:00,628.6,33.8,53.4,3.3
2026-08-27 12:02:00,619.3,33.8,52.7,6.6
2026-08-27 12:03:00,601.7,33.7,52.7,3.6
2026-08-27 12:04:00,604.2,34.2,52.4,0.9
2026-08-27 12:05:00,621.3,34.0,53.8,5.6
2026-08-27 12:06:00,573.4,34.1,52.1,3.2
2026-08-27 12:07:00,607.3,34.0,51.9,3.5
2026-08-27 12:08:00,589.6,34.0,51.5,3.1
2026-08-27 12:09:00,633.7,34.2,54.1,4.5
2026-08-27 12:10:00,552.7,33.9,50.6,2.9
2026-08-27 12:11:00,622.3,34.1,53.6,2.0
2026-08-27 12:12:00,546.6,34.5,51.7,3.7
2026-08-27 12:13:00,599.0,34.3,53.2,3.6
2026-08-27 12:14:00,626.8,34.4,53.3,2.0
2026-08-27 12:15:00,667.6,34.6,56.4,3.0
2026-08-27 12:16:00,740.6,34.1,57.8,3.5
2026-08-27 12:17:00,708.0,34.2,56.5,4.9
2026-08-27 12:18:00,698.4,34.0,55.9,2.7
2026-08-27 12:19:00,820.0,34.3,59.1,3.4
2026-08-27 12:20:00,755.2,34.7,58.0,5.1
2026-08-27 12:21:00,856.6,34.3,61.9,3.3
2026-08-27 12:22:00,785.5,34.2,59.2,4.3
2026-08-27 12:23:00,847.0,34.3,60.8,2.7
2026-08-27 12:24:00,885.9,34.3,62.3,3.4
2026-08-27 12:25:00,895.0,34.3,62.2,4.5
2026-08-27 12:26:00,976.9,34.4,65.2,4.9
2026-08-27 12:27:00,903.3,34.2,62.3,2.1
2026-08-27 12:28:00,985.3,34.5,64.6,2.2
2026-08-27 12:29:00,992.1,34.7,65.4,3.2
2026-08-27 12:30:00,1018.2,34.5,65.5,3.4
2026-08-27 12:31:00,1014.5,34.4,66.0,3.7
2026-08-27 12:32:00,1034.4,34.4,66.7,3.3
2026-08-27 12:33:00,1004.3,34.2,65.1,3.9
2026-08-27 12:34:00,1027.3,34.9,66.6,3.9
2026-08-27 12:35:00,1036.6,34.7,67.2,5.5
2026-08-27 12:36:00,1045.2,34.4,67.2,2.4
2026-08-27 12:37:00,1085.8,34.5,68.3,2.8
2026-08-27 12:38:00,1016.3,34.1,64.9,1.8
2026-08-27 12:39:00,1056.1,34.0,67.2,4.9
2026-08-27 12:40:00,964.8,34.3,65.0,3.5
2026-08-27 12:41:00,937.0,34.2,63.3,4.9
2026-08-27 12:42:00,904.9,34.6,64.3,4.7
2026-08-27 12:43:00,890.9,34.4,62.4,4.4
2026-08-27 12:44:00,846.1,34.6,61.1,3.8
2026-08-27 12:45:00,770.8,34.2,58.5,3.4
2026-08-27 12:46:00,819.3,35.1,60.6,3.5
2026-08-27 12:47:00,842.7,34.7,61.6,2.3
2026-08-27 12:48:00,833.1,34.8,60.8,2.8
2026-08-27 12:49:00,770.0,34.5,58.5,2.4
2026-08-27 12:50:00,684.9,34.8,55.6,4.4
2026-08-27 12:51:00,661.7,34.6,54.7,4.4
2026-08-27 12:52:00,670.3,34.3,55.7,4.3
2026-08-27 12:53:00,653.5,34.7,55.0,3.7
2026-08-27 12:54:00,643.7,34.8,54.4,3.7
2026-08-27 12:55:00,564.8,34.6,51.9,2.1
2026-08-27 12:56:00,575.3,34.8,53.0,4.0
2026-08-27 12:57:00,565.7,34.5,52.2,2.8
2026-08-27 12:58:00,577.9,34.8,52.3,5.0
2026-08-27 12:59:00,580.6,34.6,52.6,4.0
2026-08-27 13:00:00,584.4,34.8,53.6,2.8
2026-08-27 13:01:00,585.8,34.8,54.0,4.3
2026-08-27 13:02:00,553.8,34.8,53.2,4.2
2026-08-27 13:03:00,541.1,34.7,52.5,4.4
2026-08-27 13:04:00,602.0,34.7,54.1,4.0
2026-08-27 13:05:00,583.2,34.7,53.5,3.4
2026-08-27 13:06:00,563.1,35.0,52.5,4.4
2026-08-27 13:07:00,662.5,35.0,55.6,4.9
2026-08-27 13:08:00,638.6,35.0,55.2,3.1
2026-08-27 13:09:00,604.3,34.7,53.8,4.7
2026-08-27 13:10:00,700.8,34.8,56.9,4.5
2026-08-27 13:11:00,677.1,35.2,56.4,5.2
2026-08-27 13:12:00,707.9,35.0,57.3,3.2
2026-08-27 13:13:00,710.5,35.0,56.8,2.2
2026-08-27 13:14:00,802.4,34.9,60.3,4.3
2026-08-27 13:15:00,777.3,35.1,58.9,2.8
2026-08-27 13:16:00,811.3,34.5,59.3,1.5
2026-08-27 13:17:00,856.2,34.7,62.5,4.5
2026-08-27 13:18:00,824.0,35.2,60.9,2.8
2026-08-27 13:19:00,856.4,34.7,61.2,4.1
2026-08-27 13:20:00,889.9,34.7,62.0,3.1
2026-08-27 13:21:00,849.4,34.9,60.8,3.7
2026-08-27 13:22:00,1019.1,34.6,66.4,2.7
2026-08-27 13:23:00,925.6,35.0,63.2,4.8
2026-08-27 13:24:00,930.6,34.8,63.3,6.4
2026-08-27 13:25:00,965.3,34.9,64.4,3.2
2026-08-27 13:26:00,985.7,34.8,65.6,2.3
2026-08-27 13:27:00,961.8,35.0,64.8,2.6
2026-08-27 13:28:00,974.0,34.7,65.2,5.4
2026-08-27 13:29:00,967.5,34.9,65.4,3.6
2026-08-27 13:30:00,963.3,34.9,65.0,3.3
2026-08-27 13:31:00,964.8,35.4,65.5,3.9
2026-08-27 13:32:00,1024.0,35.0,66.0,3.0
2026-08-27 13:33:00,982.2,35.0,65.1,3.2
2026-08-27 13:34:00,924.3,34.8,63.5,4.2
2026-08-27 13:35:00,898.0,34.6,62.0,1.9
2026-08-27 13:36:00,837.0,34.8,60.8,4.3
2026-08-27 13:37:00,781.4,35.0,59.2,3.0
2026-08-27 13:38:00,836.0,35.2,61.1,3.4
2026-08-27 13:39:00,815.7,34.8,59.7,3.2
2026-08-27 13:40:00,768.6,34.9,59.7,3.6
2026-08-27 13:41:00,640.6,35.1,55.5,4.2
2026-08-27 13:42:00,690.4,34.8,56.5,4.2
2026-08-27 13:43:00,691.4,34.9,55.7,3.7
2026-08-27 13:44:00,607.7,34.9,53.5,4.9
2026-08-27 13:45:00,668.7,35.2,56.6,3.9
2026-08-27 13:46:00,614.0,35.0,55.2,2.5
2026-08-27 13:47:00,553.3,34.8,52.0,4.0
2026-08-27 13:48:00,519.1,35.1,51.6,2.6
2026-08-27 13:49:00,554.3,34.9,52.4,3.0
2026-08-27 13:50:00,556.9,35.0,52.5,3.6
2026-08-27 13:51:00,474.1,35.1,48.6,2.3
2026-08-27 13:52:00,501.9,35.3,51.2,5.7
2026-08-27 13:53:00,523.6,35.1,51.1,4.1
2026-08-27 13:54:00,460.6,35.1,48.8,4.1
2026-08-27 13:55:00,533.7,34.8,50.8,5.5
2026-08-27 13:56:00,501.3,35.0,50.6,4.1
2026-08-27 13:57:00,499.2,35.2,50.7,3.5
2026-08-27 13:58:00,543.9,35.4,52.6,3.9
2026-08-27 13:59:00,560.6,35.2,52.8,4.8
2026-08-27 14:00:00,489.5,34.8,49.7,4.8
2026-08-27 14:01:00,583.7,34.5,52.9,4.7
2026-08-27 14:02:00,611.1,35.3,54.3,4.6
2026-08-27 14:03:00,550.2,34.9,52.1,3.1
2026-08-27 14:04:00,616.3,35.0,54.6,2.8
2026-08-27 14:05:00,605.7,35.0,54.3,4.4
2026-08-27 14:06:00,632.2,34.9,54.8,4.0
2026-08-27 14:07:00,663.5,35.1,55.4,2.8
2026-08-27 14:08:00,613.6,34.9,54.0,4.0
2026-08-27 14:09:00,632.0,35.0,54.2,2.6
2026-08-27 14:10:00,657.1,35.3,55.5,3.1
2026-08-27 14:11:00,782.2,34.8,58.7,1.7
2026-08-27 14:12:00,769.4,35.0,59.2,2.9
2026-08-27 14:13:00,761.5,35.0,58.4,3.6
2026-08-27 14:14:00,841.3,35.0,61.3,3.0
2026-08-27 14:15:00,826.1,34.9,60.3,3.8
2026-08-27 14:16:00,849.4,34.9,61.5,5.4
2026-08-27 14:17:00,882.0,35.0,61.8,2.6
2026-08-27 14:18:00,738.6,35.1,58.4,3.1
2026-08-27 14:19:00,833.9,34.7,60.8,3.6
2026-08-27 14:20:00,883.2,34.6,62.0,4.0
2026-08-27 14:21:00,877.5,35.2,61.7,2.1
2026-08-27 14:22:00,809.9,34.6,60.0,0.4
2026-08-27 14:23:00,822.7,35.2,60.1,4.7
2026-08-27 14:24:00,836.0,35.0,61.4,1.8
2026-08-27 14:25:00,834.6,34.8,61.8,4.3
2026-08-27 14:26:00,824.8,35.0,59.3,3.4
2026-08-27 14:27:00,791.4,34.7,59.5,3.5
2026-08-27 14:28:00,761.9,34.8,58.1,4.3
2026-08-27 14:29:00,749.5,34.8,58.3,3.4
2026-08-27 14:30:00,820.3,34.9,60.7,2.5
2026-08-27 14:31:00,687.3,35.0,56.9,3.6
2026-08-27 14:32:00,682.0,34.9,56.6,3.6
2026-08-27 14:33:00,711.0,34.8,56.7,3.1
2026-08-27 14:34:00,646.2,35.0,55.2,4.0
2026-08-27 14:35:00,614.8,34.9,54.0,3.9
2026-08-27 14:36:00,583.5,35.0,52.9,1.8
2026-08-27 14:37:00,615.6,34.6,54.7,4.6
2026-08-27 14:38:00,575.0,34.8,52.9,1.6
2026-08-27 14:39:00,578.5,34.8,52.5,4.4
2026-08-27 14:40:00,505.3,34.8,50.5,2.3
2026-08-27 14:41:00,566.7,34.7,51.5,2.0
2026-08-27 14:42:00,466.4,35.3,48.8,3.5
2026-08-27 14:43:00,459.5,34.8,49.1,4.7
2026-08-27 14:44:00,515.5,35.2,51.3,3.8
2026-08-27 14:45:00,445.8,34.8,48.9,3.4
2026-08-27 14:46:00,431.8,34.7,47.9,4.3
2026-08-27 14:47:00,371.4,35.0,46.3,4.7
2026-08-27 14:48:00,417.0,34.9,48.3,3.5
2026-08-27 14:49:00,467.4,34.8,49.1,5.0
2026-08-27 14:50:00,388.2,35.2,48.2,4.7
2026-08-27 14:51:00,345.3,34.6,45.8,2.3
2026-08-27 14:52:00,428.4,34.9,49.2,4.9
2026-08-27 14:53:00,366.4,34.5,45.8,1.9
2026-08-27 14:54:00,468.5,34.7,49.0,1.9
2026-08-27 14:55:00,480.5,35.3,50.8,0.9
2026-08-27 14:56:00,540.7,34.6,51.2,2.6
2026-08-27 14:57:00,504.0,34.6,50.7,5.1
2026-08-27 14:58:00,514.8,35.1,50.7,2.5
2026-08-27 14:59:00,482.8,34.2,49.9,4.4
2026-08-27 15:00:00,463.5,34.6,48.5,3.6
2026-08-27 15:01:00,708.1,34.8,56.7,4.6
2026-08-27 15:02:00,741.0,34.9,57.8,4.4
2026-08-27 15:03:00,757.4,34.8,58.4,3.0
2026-08-27 15:04:00,733.8,34.5,58.0,3.3
2026-08-27 15:05:00,721.2,34.5,57.0,3.9
2026-08-27 15:06:00,758.0,34.8,58.8,4.6
2026-08-27 15:07:00,700.7,34.6,55.8,4.7
2026-08-27 15:08:00,737.4,34.5,57.3,5.4
2026-08-27 15:09:00,672.9,34.6,55.3,2.3
2026-08-27 15:10:00,727.3,34.5,57.8,3.8
2026-08-27 15:11:00,678.0,34.9,55.8,3.1
2026-08-27 15:12:00,682.0,35.0,56.0,3.8
2026-08-27 15:13:00,701.6,34.7,57.1,2.2
2026-08-27 15:14:00,719.5,34.3,56.6,2.7
2026-08-27 15:15:00,700.5,34.3,55.3,4.1
2026-08-27 15:16:00,694.9,34.7,56.5,3.6
2026-08-27 15:17:00,671.3,34.3,54.8,3.6
2026-08-27 15:18:00,681.3,34.6,56.1,4.2
2026-08-27 15:19:00,621.0,34.4,54.5,3.7
2026-08-27 15:20:00,682.5,34.6,54.9,5.0
2026-08-27 15:21:00,661.3,34.4,54.6,4.7
2026-08-27 15:22:00,606.1,34.3,53.3,4.4
2026-08-27 15:23:00,604.7,34.8,53.5,3.7
2026-08-27 15:24:00,715.1,34.3,56.5,4.9
2026-08-27 15:25:00,669.2,34.7,55.1,4.1
2026-08-27 15:26:00,656.4,34.5,54.6,4.2
2026-08-27 15:27:00,602.7,34.5,53.9,3.7
2026-08-27 15:28:00,691.0,34.6,56.1,3.2
2026-08-27 15:29:00,594.6,34.5,53.0,3.6
2026-08-27 15:30:00,626.6,34.4,53.2,2.1
2026-08-27 15:31:00,625.7,34.6,54.2,3.1
2026-08-27 15:32:00,521.0,34.2,50.4,4.1
2026-08-27 15:33:00,602.4,34.5,53.9,5.3
2026-08-27 15:34:00,637.1,34.2,54.4,3.6
2026-08-27 15:35:00,628.3,34.4,54.7,4.2
2026-08-27 15:36:00,589.2,34.7,53.6,5.2
2026-08-27 15:37:00,586.2,34.3,52.6,4.4
2026-08-27 15:38:00,588.3,34.0,52.1,3.1
2026-08-27 15:39:00,592.4,34.5,53.6,2.4
2026-08-27 15:40:00,571.2,34.3,51.8,2.7
2026-08-27 15:41:00,597.2,34.4,52.0,3.6
2026-08-27 15:42:00,598.9,34.3,52.8,2.8
2026-08-27 15:43:00,606.9,34.5,53.1,5.0
2026-08-27 15:44:00,598.5,34.1,52.7,3.2
2026-08-27 15:45:00,622.7,33.6,53.4,3.2
2026-08-27 15:46:00,545.4,34.3,51.5,3.1
2026-08-27 15:47:00,568.8,34.2,52.1,2.2
2026-08-27 15:48:00,532.1,34.0,50.2,2.6
2026-08-27 15:49:00,541.5,34.2,52.1,2.9
2026-08-27 15:50:00,544.2,34.2,51.3,3.0
2026-08-27 15:51:00,526.3,34.1,49.9,4.5
2026-08-27 15:52:00,579.4,33.9,52.6,2.7
2026-08-27 15:53:00,541.8,34.2,51.2,3.5
2026-08-27 15:54:00,535.4,34.0,49.8,4.5
2026-08-27 15:55:00,552.4,34.0,51.5,2.1
2026-08-27 15:56:00,546.6,33.9,51.3,6.0
2026-08-27 15:57:00,519.3,34.2,51.1,3.7
2026-08-27 15:58:00,518.4,34.0,50.4,4.9
2026-08-27 15:59:00,599.3,33.7,51.8,2.1
2026-08-27 16:00:00,493.8,34.1,49.8,4.1
2026-08-27 16:01:00,497.5,33.9,49.4,3.9
2026-08-27 16:02:00,469.6,33.8,48.5,3.5
2026-08-27 16:03:00,537.2,34.0,50.9,4.3
2026-08-27 16:04:00,449.5,33.9,47.7,4.2
2026-08-27 16:05:00,503.4,34.2,49.7,3.6
2026-08-27 16:06:00,446.5,33.9,47.8,4.0
2026-08-27 16:07:00,549.8,34.0,50.2,4.0
2026-08-27 16:08:00,411.0,33.9,46.5,3.3
2026-08-27 16:09:00,446.4,33.5,47.8,2.6
2026-08-27 16:10:00,463.9,33.8,48.6,3.9
2026-08-27 16:11:00,512.6,33.9,49.4,2.7
2026-08-27 16:12:00,400.0,33.8,47.0,3.2
2026-08-27 16:13:00,457.3,33.9,47.2,2.9
2026-08-27 16:14:00,425.7,33.4,47.4,2.1
2026-08-27 16:15:00,464.2,34.0,48.5,2.3
2026-08-27 16:16:00,449.5,33.7,47.5,2.2
2026-08-27 16:17:00,440.3,33.5,47.3,2.8
2026-08-27 16:18:00,432.5,33.5,47.1,3.2
2026-08-27 16:19:00,426.7,33.2,45.8,2.8
2026-08-27 16:20:00,391.0,33.5,45.4,4.7
2026-08-27 16:21:00,345.0,33.8,44.9,3.1
2026-08-27 16:22:00,409.1,33.6,45.7,4.2
2026-08-27 16:23:00,429.5,33.3,46.7,3.7
2026-08-27 16:24:00,438.3,33.3,46.4,3.5
2026-08-27 16:25:00,388.9,33.4,45.5,6.0
2026-08-27 16:26:00,441.2,33.8,48.2,4.0
2026-08-27 16:27:00,346.4,33.2,43.9,4.5
2026-08-27 16:28:00,414.2,33.4,46.1,3.4
2026-08-27 16:29:00,433.3,33.6,47.4,2.9
2026-08-27 16:30:00,387.5,33.2,45.5,2.6
2026-08-27 16:31:00,381.5,33.3,45.2,4.2
2026-08-27 16:32:00,389.8,33.2,44.8,3.3
2026-08-27 16:33:00,357.5,33.2,43.8,3.4
2026-08-27 16:34:00,431.7,33.1,47.0,3.1
2026-08-27 16:35:00,349.5,32.9,43.9,2.8
2026-08-27 16:36:00,347.7,33.1,43.8,3.8
2026-08-27 16:37:00,395.6,33.2,46.3,3.6
2026-08-27 16:38:00,365.2,33.3,44.1,3.0
2026-08-27 16:39:00,361.5,33.5,44.9,2.6
2026-08-27 16:40:00,324.8,33.2,43.4,4.1
2026-08-27 16:41:00,310.9,33.0,42.5,2.2
2026-08-27 16:42:00,340.9,32.9,44.5,2.0
2026-08-27 16:43:00,294.6,33.5,42.7,3.3
2026-08-27 16:44:00,357.6,33.2,43.9,3.6
2026-08-27 16:45:00,313.2,33.1,43.5,3.4
2026-08-27 16:46:00,299.4,33.2,43.0,3.8
2026-08-27 16:47:00,373.8,33.1,43.9,3.7
2026-08-27 16:48:00,343.8,33.0,44.1,2.1
2026-08-27 16:49:00,277.7,33.0,41.2,2.6
2026-08-27 16:50:00,271.3,32.9,40.6,1.7
2026-08-27 16:51:00,268.0,33.2,41.2,3.8
2026-08-27 16:52:00,331.6,32.8,43.4,1.7
2026-08-27 16:53:00,277.4,32.9,41.9,3.1
2026-08-27 16:54:00,322.9,32.7,42.4,3.2
2026-08-27 16:55:00,258.1,32.9,41.7,4.7
2026-08-27 16:56:00,305.8,33.0,42.9,4.6
2026-08-27 16:57:00,357.6,32.7,43.9,5.0
2026-08-27 16:58:00,275.4,33.1,41.7,2.3
2026-08-27 16:59:00,249.7,32.7,40.1,4.1
2026-08-27 17:00:00,249.3,32.8,40.0,4.6
2026-08-27 17:01:00,293.3,32.8,41.5,4.2
2026-08-27 17:02:00,228.5,32.5,38.9,2.3
2026-08-27 17:03:00,267.9,32.8,40.8,3.5
2026-08-27 17:04:00,330.3,32.7,43.7,4.1
2026-08-27 17:05:00,308.8,32.9,42.3,1.4
2026-08-27 17:06:00,282.9,32.5,40.6,2.7
2026-08-27 17:07:00,252.1,32.4,40.2,4.1
2026-08-27 17:08:00,218.2,32.6,40.1,1.9
2026-08-27 17:09:00,232.4,32.4,40.1,3.7
2026-08-27 17:10:00,153.7,32.3,37.3,2.2
2026-08-27 17:11:00,199.0,32.1,38.4,2.1
2026-08-27 17:12:00,281.1,32.0,41.3,1.9
2026-08-27 17:13:00,311.0,32.3,43.3,4.0
2026-08-27 17:14:00,208.8,32.6,38.6,4.3
2026-08-27 17:15:00,98.1,32.5,35.6,2.9
2026-08-27 17:16:00,200.8,32.6,39.8,5.2
2026-08-27 17:17:00,256.1,32.4,40.5,3.2
2026-08-27 17:18:00,232.5,32.4,39.4,5.3
2026-08-27 17:19:00,247.4,32.2,40.0,3.2
2026-08-27 17:20:00,188.9,32.5,38.5,4.2
2026-08-27 17:21:00,189.9,32.1,37.9,4.7
2026-08-27 17:22:00,154.4,32.1,36.7,3.9
2026-08-27 17:23:00,200.3,32.1,38.2,2.1
2026-08-27 17:24:00,166.8,31.9,37.6,5.0
2026-08-27 17:25:00,180.3,32.4,38.8,3.3
2026-08-27 17:26:00,181.5,32.0,37.7,4.1
2026-08-27 17:27:00,153.1,32.2,37.5,2.9
2026-08-27 17:28:00,215.3,32.4,39.6,3.0
2026-08-27 17:29:00,179.6,32.0,36.8,2.4
2026-08-27 17:30:00,145.2,31.8,35.8,4.4
2026-08-27 17:31:00,120.2,31.9,35.6,2.1
2026-08-27 17:32:00,106.6,32.2,35.0,3.9
2026-08-27 17:33:00,112.6,31.9,34.9,5.2
2026-08-27 17:34:00,122.0,31.9,35.5,3.9
2026-08-27 17:35:00,106.7,31.7,34.8,3.5
2026-08-27 17:36:00,83.3,31.6,34.5,2.2
2026-08-27 17:37:00,169.0,31.6,37.1,3.1
2026-08-27 17:38:00,110.2,31.5,35.3,4.7
2026-08-27 17:39:00,145.2,31.6,35.7,2.7
2026-08-27 17:40:00,101.8,31.7,35.7,3.5
2026-08-27 17:41:00,54.5,31.5,33.4,4.0
2026-08-27 17:42:00,47.1,31.8,33.7,3.7
2026-08-27 17:43:00,65.6,31.4,33.1,3.1
2026-08-27 17:44:00,122.2,31.5,35.7,4.2
2026-08-27 17:45:00,96.5,31.4,34.8,4.3
2026-08-27 17:46:00,124.5,31.1,34.9,1.5
2026-08-27 17:47:00,85.1,31.3,33.1,2.3
2026-08-27 17:48:00,67.0,31.4,34.2,2.6
2026-08-27 17:49:00,110.0,31.1,33.9,3.5
2026-08-27 17:50:00,101.1,31.2,34.5,3.6
2026-08-27 17:51:00,84.1,31.3,34.2,3.8
2026-08-27 17:52:00,97.9,31.4,34.1,3.8
2026-08-27 17:53:00,28.1,31.1,30.9,3.9
2026-08-27 17:54:00,55.3,31.7,33.7,2.0
2026-08-27 17:55:00,95.1,31.3,34.8,1.6
2026-08-27 17:56:00,56.7,31.0,32.9,2.7
2026-08-27 17:57:00,92.5,31.7,34.8,5.6
2026-08-27 17:58:00,79.1,30.9,33.1,4.2
2026-08-27 17:59:00,89.4,30.8,33.3,3.4
2026-08-27 18:00:00,101.0,30.6,33.7,4.4
2026-08-27 18:01:00,15.3,31.0,31.3,3.9
2026-08-27 18:02:00,129.5,31.0,34.5,3.8
2026-08-27 18:03:00,36.3,30.9,32.8,1.8
2026-08-27 18:04:00,42.3,30.8,31.2,4.8
2026-08-27 18:05:00,74.0,30.6,32.9,2.9
2026-08-27 18:06:00,33.5,30.9,31.5,4.3
2026-08-27 18:07:00,37.8,30.6,32.8,3.5
2026-08-27 18:08:00,64.9,30.5,32.5,4.6
2026-08-27 18:09:00,0.0,31.1,31.4,3.2
2026-08-27 18:10:00,46.7,30.5,31.2,3.2
2026-08-27 18:11:00,6.3,30.3,30.7,2.3
2026-08-27 18:12:00,19.7,30.5,31.2,3.4
2026-08-27 18:13:00,39.0,30.6,31.6,1.6
2026-08-27 18:14:00,0.0,31.0,30.4,2.9
2026-08-27 18:15:00,0.0,30.4,31.2,0.9
2026-08-27 18:16:00,0.0,23.9,23.9,1.5
2026-08-27 18:17:00,0.0,23.8,23.8,1.9
2026-08-27 18:18:00,0.0,23.8,23.8,1.1
2026-08-27 18:19:00,0.0,24.5,24.5,0.9
2026-08-27 18:20:00,0.0,24.0,24.0,2.1
2026-08-27 18:21:00,0.0,24.0,24.0,1.2
2026-08-27 18:22:00,0.0,23.9,23.9,2.2
2026-08-27 18:23:00,0.0,23.9,23.9,2.0
2026-08-27 18:24:00,0.0,24.4,24.4,1.9
2026-08-27 18:25:00,0.0,23.9,23.9,1.1
2026-08-27 18:26:00,0.0,24.2,24.2,2.3
2026-08-27 18:27:00,0.0,23.8,23.8,2.1
2026-08-27 18:28:00,0.0,24.0,24.0,2.1
2026-08-27 18:29:00,0.0,23.9,23.9,1.0
2026-08-27 18:30:00,0.0,24.0,24.0,3.2
2026-08-27 18:31:00,0.0,23.9,23.9,1.8
2026-08-27 18:32:00,0.0,23.9,23.9,2.2
2026-08-27 18:33:00,0.0,24.1,24.1,2.4
2026-08-27 18:34:00,0.0,24.1,24.1,3.2
2026-08-27 18:35:00,0.0,24.0,24.0,0.7
2026-08-27 18:36:00,0.0,23.9,23.9,2.2
2026-08-27 18:37:00,0.0,23.8,23.8,1.9
2026-08-27 18:38:00,0.0,23.8,23.8,2.0
2026-08-27 18:39:00,0.0,24.1,24.1,1.1
2026-08-27 18:40:00,0.0,24.0,24.0,1.1
2026-08-27 18:41:00,0.0,23.9,23.9,2.0
2026-08-27 18:42:00,0.0,23.9,23.9,3.1
2026-08-27 18:43:00,0.0,23.8,23.8,1.3
2026-08-27 18:44:00,0.0,23.6,23.6,2.3
2026-08-27 18:45:00,0.0,24.2,24.2,1.8
2026-08-27 18:46:00,0.0,24.0,24.0,1.4
2026-08-27 18:47:00,0.0,24.4,24.4,3.1
2026-08-27 18:48:00,0.0,24.1,24.1,2.3
2026-08-27 18:49:00,0.0,24.2,24.2,1.9
2026-08-27 18:50:00,0.0,24.2,24.2,1.8
2026-08-27 18:51:00,0.0,24.2,24.2,2.3
2026-08-27 18:52:00,0.0,23.7,23.7,2.3
2026-08-27 18:53:00,0.0,24.0,24.0,2.0
2026-08-27 18:54:00,0.0,23.6,23.6,1.6
2026-08-27 18:55:00,0.0,23.7,23.7,2.2
2026-08-27 18:56:00,0.0,23.9,23.9,1.9
2026-08-27 18:57:00,0.0,24.4,24.4,2.2
2026-08-27 18:58:00,0.0,24.2,24.2,1.1
2026-08-27 18:59:00,0.0,24.2,24.2,1.7
2026-08-27 19:00:00,0.0,24.0,24.0,2.1
2026-08-27 19:01:00,0.0,24.0,24.0,0.8
2026-08-27 19:02:00,0.0,24.0,24.0,1.7
2026-08-27 19:03:00,0.0,24.0,24.0,1.8
2026-08-27 19:04:00,0.0,24.2,24.2,1.6
2026-08-27 19:05:00,0.0,23.8,23.8,1.9
2026-08-27 19:06:00,0.0,24.2,24.2,1.8
2026-08-27 19:07:00,0.0,24.4,24.4,1.4
2026-08-27 19:08:00,0.0,24.1,24.1,2.3
2026-08-27 19:09:00,0.0,24.0,24.0,1.0
2026-08-27 19:10:00,0.0,24.0,24.0,2.3
2026-08-27 19:11:00,0.0,23.7,23.7,2.5
2026-08-27 19:12:00,0.0,23.7,23.7,1.2
2026-08-27 19:13:00,0.0,24.1,24.1,2.1
2026-08-27 19:14:00,0.0,23.9,23.9,1.7
2026-08-27 19:15:00,0.0,23.9,23.9,2.4
2026-08-27 19:16:00,0.0,24.1,24.1,1.7
2026-08-27 19:17:00,0.0,23.8,23.8,2.7
2026-08-27 19:18:00,0.0,23.9,23.9,2.0
2026-08-27 19:19:00,0.0,23.8,23.8,3.1
2026-08-27 19:20:00,0.0,24.1,24.1,1.6
2026-08-27 19:21:00,0.0,23.9,23.9,1.8
2026-08-27 19:22:00,0.0,24.0,24.0,2.0
2026-08-27 19:23:00,0.0,24.4,24.4,1.6
2026-08-27 19:24:00,0.0,24.1,24.1,1.8
2026-08-27 19:25:00,0.0,24.2,24.2,1.6
2026-08-27 19:26:00,0.0,24.2,24.2,2.1
2026-08-27 19:27:00,0.0,23.8,23.8,1.8
2026-08-27 19:28:00,0.0,24.0,24.0,2.1
2026-08-27 19:29:00,0.0,24.0,24.0,2.4
2026-08-27 19:30:00,0.0,24.4,24.4,1.3
2026-08-27 19:31:00,0.0,24.4,24.4,2.4
2026-08-27 19:32:00,0.0,24.0,24.0,1.4
2026-08-27 19:33:00,0.0,23.8,23.8,1.2
2026-08-27 19:34:00,0.0,24.2,24.2,1.5
2026-08-27 19:35:00,0.0,24.3,24.3,2.1
2026-08-27 19:36:00,0.0,24.1,24.1,1.5
2026-08-27 19:37:00,0.0,23.7,23.7,0.9
2026-08-27 19:38:00,0.0,24.1,24.1,2.2
2026-08-27 19:39:00,0.0,24.0,24.0,2.1
2026-08-27 19:40:00,0.0,23.9,23.9,1.8
2026-08-27 19:41:00,0.0,24.4,24.4,1.7
2026-08-27 19:42:00,0.0,24.0,24.0,2.0
2026-08-27 19:43:00,0.0,24.0,24.0,1.5
2026-08-27 19:44:00,0.0,23.7,23.7,3.1
2026-08-27 19:45:00,0.0,23.7,23.7,2.2
2026-08-27 19:46:00,0.0,23.9,23.9,1.8
2026-08-27 19:47:00,0.0,24.1,24.1,1.6
2026-08-27 19:48:00,0.0,23.8,23.8,1.9
2026-08-27 19:49:00,0.0,23.5,23.5,2.1
2026-08-27 19:50:00,0.0,24.2,24.2,1.8
2026-08-27 19:51:00,0.0,23.9,23.9,2.5
2026-08-27 19:52:00,0.0,24.1,24.1,2.2
2026-08-27 19:53:00,0.0,24.1,24.1,1.6
2026-08-27 19:54:00,0.0,24.2,24.2,2.3
2026-08-27 19:55:00,0.0,24.0,24.0,2.1
2026-08-27 19:56:00,0.0,24.3,24.3,1.9
2026-08-27 19:57:00,0.0,24.2,24.2,1.3
2026-08-27 19:58:00,0.0,23.9,23.9,1.9
2026-08-27 19:59:00,0.0,24.2,24.2,1.5
2026-08-27 20:00:00,0.0,23.8,23.8,2.4
2026-08-27 20:01:00,0.0,24.1,24.1,2.2
2026-08-27 20:02:00,0.0,23.9,23.9,1.6
2026-08-27 20:03:00,0.0,24.0,24.0,1.4
2026-08-27 20:04:00,0.0,23.9,23.9,2.2
2026-08-27 20:05:00,0.0,24.1,24.1,1.6
2026-08-27 20:06:00,0.0,24.2,24.2,2.2
2026-08-27 20:07:00,0.0,23.9,23.9,1.8
2026-08-27 20:08:00,0.0,23.6,23.6,1.3
2026-08-27 20:09:00,0.0,24.3,24.3,1.9
2026-08-27 20:10:00,0.0,24.0,24.0,2.6
2026-08-27 20:11:00,0.0,23.4,23.4,2.3
2026-08-27 20:12:00,0.0,23.8,23.8,1.4
2026-08-27 20:13:00,0.0,24.2,24.2,2.5
2026-08-27 20:14:00,0.0,24.1,24.1,2.3
2026-08-27 20:15:00,0.0,24.2,24.2,2.1
2026-08-27 20:16:00,0.0,23.9,23.9,2.4
2026-08-27 20:17:00,0.0,24.0,24.0,2.4
2026-08-27 20:18:00,0.0,24.3,24.3,2.3
2026-08-27 20:19:00,0.0,23.9,23.9,1.6
2026-08-27 20:20:00,0.0,24.2,24.2,2.1
2026-08-27 20:21:00,0.0,24.1,24.1,2.8
2026-08-27 20:22:00,0.0,24.0,24.0,1.8
2026-08-27 20:23:00,0.0,24.0,24.0,1.7
2026-08-27 20:24:00,0.0,23.8,23.8,2.2
2026-08-27 20:25:00,0.0,24.1,24.1,1.8
2026-08-27 20:26:00,0.0,24.2,24.2,1.6
2026-08-27 20:27:00,0.0,24.2,24.2,2.0
2026-08-27 20:28:00,0.0,24.0,24.0,2.4
2026-08-27 20:29:00,0.0,23.9,23.9,2.4
2026-08-27 20:30:00,0.0,24.0,24.0,2.3
2026-08-27 20:31:00,0.0,24.2,24.2,1.9
2026-08-27 20:32:00,0.0,23.9,23.9,1.3
2026-08-27 20:33:00,0.0,23.8,23.8,2.8
2026-08-27 20:34:00,0.0,24.1,24.1,1.8
2026-08-27 20:35:00,0.0,24.1,24.1,1.8
2026-08-27 20:36:00,0.0,23.8,23.8,2.5
2026-08-27 20:37:00,0.0,24.1,24.1,1.8
2026-08-27 20:38:00,0.0,24.0,24.0,2.9
2026-08-27 20:39:00,0.0,24.2,24.2,0.8
2026-08-27 20:40:00,0.0,23.7,23.7,0.5
2026-08-27 20:41:00,0.0,23.5,23.5,1.9
2026-08-27 20:42:00,0.0,23.9,23.9,1.1
2026-08-27 20:43:00,0.0,24.0,24.0,2.2
2026-08-27 20:44:00,0.0,24.2,24.2,2.6
2026-08-27 20:45:00,0.0,23.8,23.8,1.8
2026-08-27 20:46:00,0.0,23.7,23.7,2.6
2026-08-27 20:47:00,0.0,23.9,23.9,1.9
2026-08-27 20:48:00,0.0,24.2,24.2,2.2
2026-08-27 20:49:00,0.0,24.0,24.0,1.7
2026-08-27 20:50:00,0.0,24.2,24.2,1.7
2026-08-27 20:51:00,0.0,24.2,24.2,2.1
2026-08-27 20:52:00,0.0,24.3,24.3,1.7
2026-08-27 20:53:00,0.0,24.0,24.0,2.9
2026-08-27 20:54:00,0.0,23.9,23.9,2.3
2026-08-27 20:55:00,0.0,24.1,24.1,1.7
2026-08-27 20:56:00,0.0,24.1,24.1,2.3
2026-08-27 20:57:00,0.0,24.0,24.0,1.3
2026-08-27 20:58:00,0.0,24.3,24.3,1.1
2026-08-27 20:59:00,0.0,24.0,24.0,2.1
2026-08-27 21:00:00,0.0,23.9,23.9,2.4
2026-08-27 21:01:00,0.0,23.6,23.6,1.8
2026-08-27 21:02:00,0.0,23.8,23.8,1.8
2026-08-27 21:03:00,0.0,24.2,24.2,1.7
2026-08-27 21:04:00,0.0,23.7,23.7,2.3
2026-08-27 21:05:00,0.0,24.0,24.0,2.8
2026-08-27 21:06:00,0.0,24.0,24.0,2.3
2026-08-27 21:07:00,0.0,23.8,23.8,0.8
2026-08-27 21:08:00,0.0,23.7,23.7,2.6
2026-08-27 21:09:00,0.0,24.0,24.0,1.9
2026-08-27 21:10:00,0.0,23.8,23.8,1.4
2026-08-27 21:11:00,0.0,24.2,24.2,1.2
2026-08-27 21:12:00,0.0,24.0,24.0,2.1
2026-08-27 21:13:00,0.0,24.3,24.3,2.2
2026-08-27 21:14:00,0.0,23.7,23.7,2.5
2026-08-27 21:15:00,0.0,23.8,23.8,2.5
2026-08-27 21:16:00,0.0,23.7,23.7,1.9
2026-08-27 21:17:00,0.0,23.8,23.8,2.9
2026-08-27 21:18:00,0.0,24.2,24.2,1.3
2026-08-27 21:19:00,0.0,24.3,24.3,2.7
2026-08-27 21:20:00,0.0,23.8,23.8,1.5
2026-08-27 21:21:00,0.0,24.2,24.2,1.3
2026-08-27 21:22:00,0.0,24.2,24.2,1.8
2026-08-27 21:23:00,0.0,23.9,23.9,2.3
2026-08-27 21:24:00,0.0,23.9,23.9,1.5
2026-08-27 21:25:00,0.0,24.1,24.1,2.5
2026-08-27 21:26:00,0.0,24.1,24.1,2.6
2026-08-27 21:27:00,0.0,24.4,24.4,2.5
2026-08-27 21:28:00,0.0,23.8,23.8,1.8
2026-08-27 21:29:00,0.0,23.9,23.9,1.4
2026-08-27 21:30:00,0.0,24.0,24.0,1.7
2026-08-27 21:31:00,0.0,24.1,24.1,2.1
2026-08-27 21:32:00,0.0,24.0,24.0,1.8
2026-08-27 21:33:00,0.0,24.0,24.0,2.2
2026-08-27 21:34:00,0.0,23.7,23.7,1.9
2026-08-27 21:35:00,0.0,24.3,24.3,2.0
2026-08-27 21:36:00,0.0,23.9,23.9,1.4
2026-08-27 21:37:00,0.0,24.0,24.0,2.2
2026-08-27 21:38:00,0.0,23.9,23.9,2.1
2026-08-27 21:39:00,0.0,24.2,24.2,2.1
2026-08-27 21:40:00,0.0,23.9,23.9,1.9
2026-08-27 21:41:00,0.0,23.8,23.8,2.6
2026-08-27 21:42:00,0.0,23.9,23.9,1.6
2026-08-27 21:43:00,0.0,24.3,24.3,2.1
2026-08-27 21:44:00,0.0,24.0,24.0,1.6
2026-08-27 21:45:00,0.0,24.3,24.3,2.8
2026-08-27 21:46:00,0.0,23.8,23.8,2.4
2026-08-27 21:47:00,0.0,24.2,24.2,2.3
2026-08-27 21:48:00,0.0,24.0,24.0,2.2
2026-08-27 21:49:00,0.0,24.3,24.3,1.8
2026-08-27 21:50:00,0.0,23.9,23.9,2.1
2026-08-27 21:51:00,0.0,24.3,24.3,2.3
2026-08-27 21:52:00,0.0,23.9,23.9,1.7
2026-08-27 21:53:00,0.0,24.0,24.0,2.1
2026-08-27 21:54:00,0.0,24.2,24.2,2.2
2026-08-27 21:55:00,0.0,24.1,24.1,1.2
2026-08-27 21:56:00,0.0,24.1,24.1,1.8
2026-08-27 21:57:00,0.0,24.0,24.0,3.0
2026-08-27 21:58:00,0.0,23.8,23.8,2.1
2026-08-27 21:59:00,0.0,24.4,24.4,1.7
2026-08-27 22:00:00,0.0,23.9,23.9,1.8
2026-08-27 22:01:00,0.0,24.0,24.0,2.5
2026-08-27 22:02:00,0.0,23.9,23.9,2.6
2026-08-27 22:03:00,0.0,23.9,23.9,2.8
2026-08-27 22:04:00,0.0,24.3,24.3,2.5
2026-08-27 22:05:00,0.0,24.1,24.1,2.2
2026-08-27 22:06:00,0.0,24.0,24.0,1.6
2026-08-27 22:07:00,0.0,24.0,24.0,1.8
2026-08-27 22:08:00,0.0,23.7,23.7,2.3
2026-08-27 22:09:00,0.0,24.2,24.2,1.9
2026-08-27 22:10:00,0.0,24.2,24.2,2.2
2026-08-27 22:11:00,0.0,23.9,23.9,1.6
2026-08-27 22:12:00,0.0,24.0,24.0,1.9
2026-08-27 22:13:00,0.0,23.8,23.8,2.6
2026-08-27 22:14:00,0.0,24.3,24.3,1.9
2026-08-27 22:15:00,0.0,23.9,23.9,1.8
2026-08-27 22:16:00,0.0,23.9,23.9,2.7
2026-08-27 22:17:00,0.0,23.9,23.9,2.5
2026-08-27 22:18:00,0.0,23.8,23.8,1.2
2026-08-27 22:19:00,0.0,23.9,23.9,1.8
2026-08-27 22:20:00,0.0,23.7,23.7,2.1
2026-08-27 22:21:00,0.0,24.2,24.2,2.0
2026-08-27 22:22:00,0.0,23.9,23.9,2.2
2026-08-27 22:23:00,0.0,24.0,24.0,2.4
2026-08-27 22:24:00,0.0,24.1,24.1,2.3
2026-08-27 22:25:00,0.0,23.9,23.9,2.6
2026-08-27 22:26:00,0.0,23.7,23.7,2.7
2026-08-27 22:27:00,0.0,23.9,23.9,2.4
2026-08-27 22:28:00,0.0,23.9,23.9,2.4
2026-08-27 22:29:00,0.0,24.0,24.0,1.6
2026-08-27 22:30:00,0.0,23.8,23.8,1.4
2026-08-27 22:31:00,0.0,23.8,23.8,1.4
2026-08-27 22:32:00,0.0,24.3,24.3,1.8
2026-08-27 22:33:00,0.0,23.7,23.7,1.8
2026-08-27 22:34:00,0.0,24.0,24.0,2.3
2026-08-27 22:35:00,0.0,24.0,24.0,1.3
2026-08-27 22:36:00,0.0,24.2,24.2,2.2
2026-08-27 22:37:00,0.0,23.7,23.7,1.8
2026-08-27 22:38:00,0.0,24.1,24.1,2.7
2026-08-27 22:39:00,0.0,24.3,24.3,1.8
2026-08-27 22:40:00,0.0,24.0,24.0,1.5
2026-08-27 22:41:00,0.0,24.1,24.1,1.5
2026-08-27 22:42:00,0.0,24.1,24.1,1.7
2026-08-27 22:43:00,0.0,23.7,23.7,1.9
2026-08-27 22:44:00,0.0,24.2,24.2,2.3
2026-08-27 22:45:00,0.0,24.2,24.2,2.3
2026-08-27 22:46:00,0.0,23.6,23.6,2.3
2026-08-27 22:47:00,0.0,24.1,24.1,1.6
2026-08-27 22:48:00,0.0,24.0,24.0,2.0
2026-08-27 22:49:00,0.0,24.1,24.1,1.5
2026-08-27 22:50:00,0.0,23.7,23.7,1.1
2026-08-27 22:51:00,0.0,24.3,24.3,1.9
2026-08-27 22:52:00,0.0,24.5,24.5,2.4
2026-08-27 22:53:00,0.0,24.1,24.1,1.6
2026-08-27 22:54:00,0.0,24.0,24.0,1.3
2026-08-27 22:55:00,0.0,24.2,24.2,2.3
2026-08-27 22:56:00,0.0,24.1,24.1,1.2
2026-08-27 22:57:00,0.0,24.1,24.1,1.4
2026-08-27 22:58:00,0.0,24.0,24.0,1.9
2026-08-27 22:59:00,0.0,23.9,23.9,2.7
2026-08-27 23:00:00,0.0,23.7,23.7,2.3
2026-08-27 23:01:00,0.0,24.2,24.2,1.8
2026-08-27 23:02:00,0.0,24.0,24.0,2.0
2026-08-27 23:03:00,0.0,23.6,23.6,1.9
2026-08-27 23:04:00,0.0,24.1,24.1,2.4
2026-08-27 23:05:00,0.0,24.1,24.1,2.0
2026-08-27 23:06:00,0.0,24.0,24.0,1.6
2026-08-27 23:07:00,0.0,24.4,24.4,1.6
2026-08-27 23:08:00,0.0,24.0,24.0,2.2
2026-08-27 23:09:00,0.0,23.4,23.4,1.6
2026-08-27 23:10:00,0.0,23.8,23.8,1.7
2026-08-27 23:11:00,0.0,23.8,23.8,2.0
2026-08-27 23:12:00,0.0,24.1,24.1,1.8
2026-08-27 23:13:00,0.0,24.1,24.1,2.1
2026-08-27 23:14:00,0.0,24.2,24.2,2.7
2026-08-27 23:15:00,0.0,24.2,24.2,1.2
2026-08-27 23:16:00,0.0,23.9,23.9,0.9
2026-08-27 23:17:00,0.0,24.0,24.0,1.8
2026-08-27 23:18:00,0.0,23.9,23.9,2.6
2026-08-27 23:19:00,0.0,23.9,23.9,2.1
2026-08-27 23:20:00,0.0,24.2,24.2,2.5
2026-08-27 23:21:00,0.0,24.0,24.0,2.1
2026-08-27 23:22:00,0.0,23.7,23.7,1.5
2026-08-27 23:23:00,0.0,24.2,24.2,2.0
2026-08-27 23:24:00,0.0,23.9,23.9,2.6
2026-08-27 23:25:00,0.0,24.1,24.1,1.6
2026-08-27 23:26:00,0.0,23.8,23.8,1.3
2026-08-27 23:27:00,0.0,23.9,23.9,2.1
2026-08-27 23:28:00,0.0,24.1,24.1,1.6
2026-08-27 23:29:00,0.0,23.9,23.9,2.2
2026-08-27 23:30:00,0.0,24.2,24.2,2.7
2026-08-27 23:31:00,0.0,24.1,24.1,1.8
2026-08-27 23:32:00,0.0,23.7,23.7,1.9
2026-08-27 23:33:00,0.0,23.8,23.8,2.5
2026-08-27 23:34:00,0.0,24.2,24.2,1.0
2026-08-27 23:35:00,0.0,23.9,23.9,2.4
2026-08-27 23:36:00,0.0,24.0,24.0,1.2
2026-08-27 23:37:00,0.0,24.6,24.6,1.6
2026-08-27 23:38:00,0.0,24.0,24.0,2.2
2026-08-27 23:39:00,0.0,23.9,23.9,1.8
2026-08-27 23:40:00,0.0,24.1,24.1,2.7
2026-08-27 23:41:00,0.0,24.2,24.2,1.4
2026-08-27 23:42:00,0.0,24.4,24.4,3.0
2026-08-27 23:43:00,0.0,24.0,24.0,2.1
2026-08-27 23:44:00,0.0,23.9,23.9,2.4
2026-08-27 23:45:00,0.0,24.0,24.0,2.1
2026-08-27 23:46:00,0.0,24.1,24.1,1.5
2026-08-27 23:47:00,0.0,24.1,24.1,1.8
2026-08-27 23:48:00,0.0,24.1,24.1,1.9
2026-08-27 23:49:00,0.0,23.9,23.9,2.2
2026-08-27 23:50:00,0.0,24.1,24.1,2.1
2026-08-27 23:51:00,0.0,24.0,24.0,1.6
2026-08-27 23:52:00,0.0,24.3,24.3,2.1
2026-08-27 23:53:00,0.0,23.7,23.7,2.0
2026-08-27 23:54:00,0.0,23.7,23.7,2.7
2026-08-27 23:55:00,0.0,24.5,24.5,2.0
2026-08-27 23:56:00,0.0,23.9,23.9,1.5
2026-08-27 23:57:00,0.0,24.2,24.2,3.4
2026-08-27 23:58:00,0.0,23.8,23.8,1.3
2026-08-27 23:59:00,0.0,24.0,24.0,3.2
